1,173,GAL-NB-165-1,2023-08-03,54.83,2.729,13.01,13.5,0.203,2.44,5.99,3.26,1.81,0.801,98.58,1.19,55.61,2.77,13.2,13.7,0.21,2.48,6.08,3.31,1.84,0.81,1,0,33,162,851,55,315,244,53,17.7,24,11,162,8,31,68,6,43,2,2086,0.21,98.79,98.84,100.03,101.53,0.9,0,50.4,238,950.6,59.8,372.9,329.4,66.9,25.3,32.5,14,201.3,9.2,36.4,84.2,6.5,50.2,1.7,2530,0.25
1,183,GAL-NB-165-2,2023-08-03,45.26,1.931,20.28,13.05,0.222,1.83,1.7,0.51,0.1,0.202,85.08,14.52,53.19,2.27,23.83,15.34,0.26,2.15,2,0.6,0.11,0.24,8,20,35,132,239,6,133,341,48,20.7,30,25,198,21,38,90,6,39,3,1434,0.14,85.23,85.27,99.78,101.23,10.7,29.7,54,193.5,267.1,6.4,156.8,460.3,61.2,29.6,40.6,31.5,246.1,22.3,44.7,111,7.2,45.6,3.5,1822,0.18
1,177,GAL-NB-165-3,2023-08-03,50.35,2.031,16.57,13.41,0.156,2.74,6.44,2.49,0.33,0.323,94.83,5.08,53.09,2.14,17.47,14.14,0.16,2.89,6.79,2.63,0.34,0.34,10,42,39,217,544,10,330,193,47,13,24,32,117,7,29,49,5,30,1,1740,0.17,95.01,95.05,100.13,101.62,13.4,61.1,60.6,319.6,607.1,11.1,389.8,260.3,59.8,18.6,32.6,40.4,146.1,7.8,33.5,60.5,5.8,35.2,0.7,2164,0.22
1,178,GAL-NB-165-4,2023-08-23,43.04,2.129,21.67,12.86,0.103,1.72,1.48,0.33,0.13,0.106,83.57,16.42,51.5,2.55,25.94,15.39,0.12,2.06,1.77,0.39,0.15,0.13,13,29,38,255,294,10,117,347,39,20.5,31,32,163,18,37,71,7,30,3,1554,0.16,83.72,83.77,100.19,101.62,16.3,42.2,57.9,375.4,328.8,10.4,138,468.7,49,29.3,41.1,40.6,202.4,19.7,43.2,87.6,8.3,35.2,3.1,1997,0.2
1,180,GAL-NB-165-5,2023-08-03,50.09,1.935,16,12.62,0.175,4.54,8.05,2.43,0.39,0.271,96.5,3.41,51.9,2,16.58,13.08,0.18,4.71,8.34,2.52,0.4,0.28,14,45,40,326,519,20,317,185,41,12.9,22,31,125,6,22,47,4,29,2,1808,0.18,96.68,96.73,100.14,101.54,17.5,65.6,61.5,479.2,579.3,22.2,374.8,249.6,52.5,18.5,30,38.2,156.1,7,26,57.4,4.8,34.2,1.9,2276,0.23
1,99,GAL-NB-165-6,2023-08-03,48.32,3.654,13.03,15.45,0.211,3.73,9.04,2.36,0.46,0.831,97.1,2.87,49.76,3.76,13.42,15.92,0.22,3.84,9.31,2.43,0.48,0.86,14,13,33,415,412,14,261,263,55,24.9,24,22,149,5,33,70,5,40,2,1854,0.19,97.28,97.33,100.2,101.92,17.8,19,50.7,610.3,459.8,15.3,308.1,355.2,70,35.6,32.1,27.5,185.8,5.9,38.8,85.5,5.5,46.2,2.7,2372,0.24
1,100,GAL-NB-165-7,2023-08-03,51.1,1.796,14.86,10.65,0.172,5.97,10.67,2.27,0.43,0.276,98.19,1.38,52.04,1.83,15.13,10.85,0.17,6.08,10.87,2.31,0.43,0.28,40,102,37,295,462,16,253,146,38,12.4,19,39,97,6,31,48,3,35,0,1680,0.17,98.36,98.4,99.79,100.97,51.3,149.1,56.5,434.7,515.4,18,298.9,197.8,47.8,17.7,25.7,48.2,120.4,6.1,36.9,58.8,3.5,41.3,0.2,2128,0.21
1,104,GAL-NB-165-8,2023-08-03,61.54,4.256,12.69,7.39,0.184,1.74,2.84,1.56,0.45,0.056,92.72,7.07,66.37,4.59,13.69,7.97,0.2,1.88,3.06,1.69,0.49,0.06,21,40,14,251,432,15,237,457,21,32.9,16,30,65,24,30,142,11,23,3,1864,0.19,92.9,92.95,100.03,100.85,27.3,58.5,22.2,368.9,481.9,16.3,280,616.8,27.2,47.1,20.9,37.1,81.2,26,34.8,174,12.2,27.1,3.6,2363,0.24
1,106,GAL-NB-165-9,2023-08-03,48.25,3.408,13.43,12.73,0.218,4.86,10.53,2.52,0.64,0.792,97.37,1.9,49.56,3.5,13.79,13.07,0.22,4.99,10.81,2.59,0.66,0.81,50,184,42,374,4460,14,354,280,56,26.6,25,45,160,9,34,80,2,45,1,6241,0.62,98,98.1,100.01,101.42,63.6,269.6,64,549.5,4979.6,14.9,418.7,378.1,71.1,38.1,33,56,198.7,9.3,40.4,98.8,2.8,52.3,1.4,7340,0.73
1,107,GAL-NB-165-10,2023-08-03,51.54,1.759,14.7,10.63,0.164,6.09,10.84,2.13,0.47,0.295,98.63,1.28,52.26,1.78,14.9,10.78,0.17,6.18,10.99,2.16,0.48,0.3,41,106,36,288,284,13,242,144,52,13,20,39,96,5,40,75,3,44,2,1543,0.15,98.79,98.83,100.11,101.29,51.6,155.5,54.9,423.8,316.8,14.5,285.9,194.8,66.4,18.6,26.4,48.6,119.2,5.7,47.3,92.1,3.6,51.2,1.9,1979,0.2
1,108,GAL-NB-165-11,2023-08-04,57.08,2.36,15.52,8.71,0.078,2.79,1.93,0.53,0.29,0.029,89.31,10.74,63.92,2.64,17.38,9.75,0.09,3.12,2.16,0.59,0.32,0.03,32,70,21,216,119,14,102,276,16,22.7,20,39,98,9,15,30,8,14,2,1124,0.11,89.42,89.45,100.19,101.16,40.5,102.7,32,318.1,133,15.7,120.5,372.4,20.4,32.5,26.5,49.1,122.3,9.5,17.2,37.1,9,16.7,2.4,1478,0.15
1,109,GAL-NB-165-12,2023-08-04,48.58,0.904,12.56,8.77,0.317,3.13,6.14,0.27,0.33,0.686,81.68,18.02,59.48,1.11,15.37,10.73,0.39,3.83,7.52,0.33,0.4,0.84,51,50,18,278,111,26,94,155,73,12.9,17,49,90,6,35,42,5,39,4,1158,0.12,81.8,81.83,99.86,100.83,65.5,73.4,27.6,408.9,124.1,28.1,110.7,209,93.1,18.4,23.3,61.8,112.3,6.8,41.2,51.5,5.9,45.8,4.8,1512,0.15
1,110,GAL-NB-165-13,2023-08-04,50.89,1.723,14.59,11.1,0.177,6.37,10.88,2.22,0.53,0.3,98.78,1.02,51.52,1.74,14.78,11.24,0.18,6.44,11.02,2.24,0.54,0.3,49,103,36,281,262,13,238,140,31,11.5,19,47,96,3,15,35,3,21,1,1404,0.14,98.92,98.96,99.98,101.22,62.3,149.9,55.1,413.7,292.4,14.2,281.6,188.9,39.1,16.4,24.9,59.1,119.2,3.2,18.1,42.9,3.5,24.9,1.1,1811,0.18
1,140,GAL-NB-165-15,2023-08-04,47.82,3.326,13.12,14.24,0.216,5.88,10.3,2.37,0.68,0.775,98.72,0.95,48.44,3.37,13.29,14.42,0.22,5.96,10.43,2.4,0.69,0.78,42,184,42,361,582,12,255,271,55,26.4,22,44,149,6,35,83,2,46,1,2218,0.22,98.95,99.01,99.95,101.54,53,269.3,64.3,531.7,649.5,13.5,301.8,366.6,69.6,37.7,29.6,55.7,185.3,6.1,41.6,101.6,1.9,53.4,0.7,2833,0.28
1,123,GAL-NB-165-16,2023-08-04,47.45,3.232,12.93,14.95,0.209,4.93,10.06,2.33,0.55,0.729,97.37,2.37,48.73,3.32,13.28,15.36,0.21,5.06,10.33,2.39,0.57,0.75,36,185,41,377,807,21,257,259,53,24.8,22,45,137,7,34,72,2,45,0,2426,0.24,97.61,97.68,100.05,101.71,46.1,270.3,63.2,554.8,901.2,22.6,304,350.1,67.6,35.4,29.2,55.8,170.9,7.6,40.2,88.2,2.4,52.7,0.5,3063,0.31
1,124,GAL-NB-165-17,2023-08-04,62.15,3.716,13.99,7.31,0.09,1.53,1.89,0.92,0.46,0.021,92.08,7.83,67.5,4.04,15.19,7.94,0.1,1.66,2.06,1,0.5,0.02,20,44,15,213,259,20,159,404,13,32.1,16,27,74,17,12,42,11,11,2,1393,0.14,92.22,92.26,100.09,100.9,25,64.3,23.7,313.2,289.6,21.8,188.2,545.2,15.9,46,21.9,33.6,92.6,18.7,14,52.1,12.9,13,2.5,1794,0.18
1,125,GAL-NB-165-18,2023-08-04,46.53,3.477,13.53,14.75,0.215,4.54,10.69,2.41,0.36,1.064,97.56,2.3,47.69,3.56,13.87,15.12,0.22,4.65,10.95,2.47,0.37,1.09,29,197,43,368,474,15,270,266,59,25.2,22,30,147,5,37,79,2,51,2,2122,0.21,97.78,97.84,100.14,101.77,37.5,288.2,65.7,542,529.5,16.3,319.8,358.7,74.9,36,29.7,37.4,183.4,5.8,43.4,96.8,2.2,59,2.1,2728,0.27
1,126,GAL-NB-165-19,2023-08-04,48.4,1.022,9.96,15.99,0.302,3.96,4.99,0.44,0.79,1.645,87.5,12.23,55.32,1.17,11.38,18.27,0.35,4.53,5.7,0.51,0.9,1.88,96,41,22,218,556,70,139,186,31,24.3,22,64,88,9,21,50,3,24,4,1667,0.17,87.67,87.71,99.94,101.71,121.6,59.3,34.5,321.3,620.3,76.2,164.8,250.7,40,34.7,29.3,80,109.4,9.3,24.6,61.1,3.6,27.6,4.8,2073,0.21
1,127,GAL-NB-165-20,2023-08-04,45.95,3.398,13.45,14.03,0.222,4.36,11.78,2.4,0.35,1.711,97.65,2.28,47.05,3.48,13.78,14.36,0.23,4.46,12.06,2.46,0.36,1.75,28,190,42,367,516,13,279,268,61,25.5,22,33,146,7,37,83,2,48,3,2171,0.22,97.87,97.93,100.21,101.77,35.7,277.5,63.7,540,576,14.5,329.7,362,77.7,36.5,29.5,41.5,182.3,8,43.7,101.5,2.2,56.1,3,2781,0.28
1,129,GAL-NB-165-21,2023-08-04,48.19,3.244,12.8,14.9,0.23,4.92,9.32,1.47,0.68,0.718,96.47,3.21,49.95,3.36,13.27,15.45,0.24,5.1,9.66,1.52,0.71,0.74,34,166,40,350,624,16,227,266,54,24.4,21,49,151,8,35,77,2,44,0,2188,0.22,96.69,96.75,99.96,101.61,43.3,241.9,61.7,514.3,696.3,17.7,268.6,359.2,69.2,34.8,27.6,61,187.7,8.3,41.5,95.1,2.2,51.8,0.5,2783,0.28
1,130,GAL-NB-165-22,2023-08-04,54.44,3.169,11.45,11.89,0.212,3.18,5.11,1.15,0.66,0.34,91.6,8.22,59.43,3.46,12.5,12.98,0.23,3.47,5.58,1.25,0.72,0.37,26,107,31,214,832,28,227,283,38,22.7,16,49,108,9,29,74,3,38,2,2137,0.21,91.81,91.86,100.08,101.4,33.7,155.8,48.2,315.4,928.4,30.5,268.2,382.6,47.9,32.5,21.8,61.3,134,9.3,34.4,91,3.9,44.4,2.5,2646,0.26
1,131,GAL-NB-165-23,2023-08-04,69.22,2.965,9.5,5.86,0.113,1.25,1.69,0.65,0.57,0.039,91.85,7.78,75.36,3.23,10.34,6.38,0.12,1.36,1.84,0.7,0.63,0.04,13,18,11,202,327,29,123,357,24,18.7,12,24,50,9,27,60,5,25,2,1337,0.13,91.98,92.02,99.8,100.45,16.1,26.6,17.5,297.8,365.1,31.9,145.4,481.7,31.1,26.8,15.9,29.8,62.4,9.8,31.5,73.1,5.8,29.4,2,1700,0.17
1,132,GAL-NB-165-24,2023-08-23,49.74,3.475,12.59,14.35,0.19,3.56,8.54,2.29,0.98,0.56,96.27,3.57,51.66,3.61,13.07,14.91,0.2,3.7,8.87,2.38,1.02,0.58,14,12,33,402,499,31,237,259,53,23.3,22,22,150,7,32,71,4,39,2,1913,0.19,96.46,96.51,100.08,101.68,18,17.3,50.6,591.3,557.3,33.5,280.8,350.5,67,33.3,29.4,27.9,186.3,7.2,37.6,86.7,4.8,45.6,2.7,2428,0.24
1,133,GAL-NB-165-25,2023-08-04,80.5,0.265,3.82,2.35,0.032,1.04,1.26,0.08,0.21,0.015,89.56,10.31,89.89,0.3,4.26,2.62,0.04,1.16,1.41,0.08,0.23,0.02,5,12,5,52,213,20,43,55,14,3.3,6,8,29,1,10,11,3,10,2,502,0.05,89.61,89.62,99.92,100.19,6.7,17.4,6.9,76.9,238.4,22.1,51.1,73.8,18.2,4.7,7.6,9.4,35.5,0.9,11.6,13.7,3.4,11.5,2.3,612,0.06
1,134,GAL-NB-165-26,2023-08-23,90.66,0.113,1.59,0.72,0.019,0.39,0.57,0.09,0.11,0.017,94.3,5.81,96.14,0.12,1.69,0.77,0.02,0.42,0.61,0.1,0.12,0.02,5,10,2,40,164,10,26,23,9,0.6,1,5,12,1,7,7,1,9,3,337,0.03,94.33,94.34,100.15,100.23,5.8,15.2,2.8,59.5,182.8,10.4,30.9,30.7,11.8,0.9,1.7,5.9,15.5,1.2,8.4,9.2,1.3,10.9,3.1,408,0.04
1,135,GAL-NB-165-27,2023-08-23,52.15,3.782,13.18,14.46,0.183,3.35,7.56,1.95,0.68,0.541,97.85,1.77,53.3,3.87,13.47,14.78,0.19,3.43,7.73,1.99,0.69,0.55,12,21,32,418,573,30,235,277,162,26.3,24,25,151,14,185,196,6,193,2,2584,0.26,98.1,98.17,99.94,101.55,15.5,30,49.7,615.6,640.2,32.4,278.1,374.1,205.2,37.6,32.8,31.1,188.3,15.4,217.2,241.2,7,225.2,2.1,3239,0.32
1,136,GAL-NB-165-28,2023-08-05,50.92,3.652,13.24,13.68,0.182,3.82,8.93,2.47,1.07,0.572,98.53,1.29,51.68,3.71,13.44,13.88,0.18,3.87,9.06,2.51,1.08,0.58,14,12,33,430,498,32,246,267,53,25,22,21,159,7,32,72,6,41,1,1971,0.2,98.72,98.78,100.07,101.59,17.4,17,50.7,631.9,555.6,35.5,291.2,360.3,66.7,35.8,29.9,26.8,198.3,7.1,37.4,89.1,6.9,47.9,1.3,2507,0.25
1,137,GAL-NB-165-29,2023-08-05,50.57,3.603,12.88,13.87,0.203,3.89,8.84,2.37,0.95,0.551,97.71,2.09,51.75,3.69,13.18,14.19,0.21,3.98,9.04,2.42,0.97,0.56,15,12,35,422,445,30,244,267,52,24,23,20,149,6,32,74,5,41,1,1897,0.19,97.9,97.96,100.05,101.59,19.1,16.9,53,621,497.1,32.5,288.9,360.9,65.7,34.4,31.5,25,186,6.9,37.5,90.4,5.4,47.5,0.9,2421,0.24
1,138,GAL-NB-165-30,2023-08-05,50.47,3.554,12.83,14.91,0.209,3.48,8.59,2.36,1.08,0.575,98.06,1.66,51.47,3.62,13.09,15.2,0.21,3.55,8.76,2.41,1.1,0.59,14,13,33,422,488,31,240,265,55,25.5,23,21,150,7,33,73,5,41,2,1942,0.19,98.26,98.31,99.97,101.63,17.4,19.1,49.9,621.3,544.8,34.1,284,358.2,70.2,36.5,31,25.8,186.7,7.7,39,89.4,5.8,48.3,2,2471,0.25
1,139,GAL-NB-165-31,2023-08-05,50.57,3.57,12.84,14.77,0.21,4.22,8.67,2.41,1.25,0.548,99.06,0.44,51.05,3.6,12.96,14.91,0.21,4.26,8.75,2.43,1.26,0.55,16,10,33,421,497,31,234,267,51,24.8,23,23,155,8,33,67,5,39,1,1940,0.19,99.26,99.31,99.75,101.39,20.2,14.4,51.3,619.4,554.9,34.4,276.9,360.9,65.1,35.5,30.7,29.1,193.1,8.4,38.3,82.4,5.8,46,1,2468,0.25
1,1,GAL-NB-165-32,2023-08-05,51.69,3.219,13.46,13.77,0.157,2.54,6.46,3.08,2.02,0.831,97.23,2.33,53.16,3.31,13.85,14.16,0.16,2.61,6.64,3.17,2.08,0.85,5,0,30,276,2828,44,287,426,49,21.2,23,14,127,10,43,84,6,46,1,4317,0.43,97.66,97.74,100.07,101.6,5.8,0,45.3,405.3,3157.1,48.5,339.4,574.9,62.2,30.4,30.8,17,158,10.7,49.9,103.3,6.5,53.5,1.2,5100,0.51
1,2,GAL-NB-165-33,2023-08-05,54.18,3.454,14.54,10,0.163,1.63,5.6,3.52,2.48,0.887,96.45,2.75,56.18,3.58,15.08,10.37,0.17,1.69,5.8,3.65,2.57,0.92,8,0,32,261,3099,51,311,466,47,22.9,25,13,144,11,42,91,7,47,2,4680,0.47,96.92,97,99.75,100.86,9.6,0,48.8,383.6,3459.7,55.3,368.3,629.2,59.1,32.8,33.7,16.8,179.8,12,49.7,112.4,7.7,54.9,2.3,5516,0.55
1,3,GAL-NB-165-34,2023-08-05,54.01,4.717,16.08,13.42,0.342,1.97,1.85,0.29,0.14,0.082,92.89,6.67,58.14,5.08,17.31,14.44,0.37,2.12,1.99,0.31,0.15,0.09,10,28,26,389,757,12,108,479,19,29,23,25,184,28,18,102,9,20,4,2270,0.23,93.12,93.18,99.85,101.34,12.6,40.9,39.1,572.5,845.5,13.2,128,646.6,24.5,41.5,30.8,31.1,229,30.6,20.8,125.7,9.7,23.6,4.2,2870,0.29
1,4,GAL-NB-165-35,2023-08-05,50.04,4.092,16.87,13.17,0.082,1.27,1.81,0.21,0.17,0.076,87.79,12.1,57,4.66,19.21,15,0.09,1.45,2.06,0.24,0.2,0.09,23,27,26,342,899,16,178,431,13,26.3,20,26,115,30,9,30,8,11,2,2231,0.22,88.01,88.06,100.17,101.63,29.5,39.4,39.8,503.8,1003.6,17.2,210,582.3,16.8,37.6,26.4,32,143.6,32.6,10.2,36.3,8.8,12.8,2.2,2785,0.28
1,5,GAL-NB-165-36,2023-08-05,48.51,3.936,16,13.29,0.252,1.73,5.68,2.49,0.43,0.773,93.08,6.69,52.11,4.23,17.2,14.27,0.27,1.86,6.1,2.67,0.46,0.83,10,18,42,467,681,16,363,257,218,20.6,26,27,147,9,122,214,6,130,3,2775,0.28,93.36,93.43,100.11,101.59,13,26.4,64.3,686.8,760.5,17,429.8,347.4,276.5,29.4,34.7,33.5,182.7,9.2,142.6,262.5,7.3,152,2.8,3478,0.35
1,6,GAL-NB-165-37,2023-08-05,49.26,3.229,13.77,14.75,0.178,3.58,8.11,2.41,0.5,0.62,96.4,3.26,51.09,3.35,14.29,15.3,0.18,3.71,8.41,2.5,0.51,0.64,11,17,38,455,564,18,334,214,119,16.6,23,24,150,8,88,157,5,91,2,2334,0.23,96.64,96.7,99.96,101.6,14.4,24.9,57.7,669,629.7,19.8,395.2,289.7,150.6,23.7,30.8,30.4,187.3,8.3,103,193.2,5.2,105.6,2,2941,0.29
1,8,GAL-NB-165-38,2023-08-05,49.06,2.026,14.82,13.02,0.064,2.93,2.77,0.15,0.13,0.079,85.03,14.74,57.7,2.38,17.42,15.31,0.08,3.44,3.25,0.17,0.16,0.09,13,14,28,293,161,14,100,216,106,14.2,24,23,80,6,83,187,5,84,3,1454,0.15,85.18,85.22,99.96,101.41,17.1,21.1,43.3,430.6,180.1,14.8,118.3,292,134.9,20.3,31.8,28.7,99.6,6.2,97,229.4,5.7,98,3.7,1873,0.19
1,9,GAL-NB-165-39,2023-08-05,51.89,2.684,15.91,13.15,0.046,3.13,1.87,0.23,0.18,0.046,89.13,10.66,58.21,3.01,17.85,14.76,0.05,3.52,2.1,0.26,0.2,0.05,14,14,25,320,189,20,113,249,95,18.1,23,22,74,7,57,106,5,56,2,1409,0.14,89.28,89.32,99.98,101.44,18,21.2,38.6,470.6,211.4,21.4,133.1,336.3,120.5,25.9,31.1,27.4,91.7,7.8,66.5,130.1,5.6,65.5,2.2,1825,0.18
1,10,GAL-NB-165-40,2023-08-05,47.91,4.465,16.48,13.53,0.104,1.69,4.47,2.19,0.42,0.567,91.83,7.71,52.17,4.86,17.95,14.74,0.11,1.84,4.87,2.38,0.46,0.62,9,20,43,534,527,14,320,277,144,22.5,26,20,149,13,65,81,6,69,2,2343,0.23,92.06,92.13,99.83,101.34,12,29.7,65.4,785.3,588.3,15.7,378.6,374.2,182.9,32.2,35.1,25.4,185.5,13.9,75.9,100.1,7.3,80.2,2.1,2990,0.3
1,11,GAL-NB-165-41,2023-08-05,48.01,3.896,15.87,14.26,0.092,1.67,4.61,2.16,0.48,0.804,91.85,7.92,52.27,4.24,17.28,15.52,0.1,1.82,5.02,2.35,0.52,0.87,10,19,40,487,583,17,311,254,239,20.8,26,21,167,10,103,145,5,97,3,2557,0.26,92.11,92.18,100.1,101.68,12.4,27.9,61,717,650.9,19.1,368.2,342.7,303.5,29.7,34.9,25.7,207.4,10.5,121,177.8,5.8,113.7,3.1,3232,0.32
1,12,GAL-NB-165-42,2023-08-05,47.56,3.677,15.6,15.43,0.154,1.86,5.46,2.08,0.44,0.526,92.78,7.04,51.26,3.96,16.81,16.63,0.17,2,5.89,2.24,0.48,0.57,17,20,33,406,608,13,311,228,142,18,26,18,206,8,85,201,4,91,3,2439,0.24,93.03,93.09,100.13,101.85,21.7,28.9,50.7,596.8,678.8,14.3,368.1,307.6,180.2,25.8,35.4,23.2,256.2,9,99.7,247.2,4.9,105.7,3.7,3058,0.31
1,13,GAL-NB-165-43,2023-08-05,50.07,3.231,13.7,14.48,0.207,3.16,8.15,2.39,0.68,0.73,96.79,2.84,51.73,3.34,14.15,14.96,0.21,3.26,8.42,2.47,0.7,0.75,12,19,38,427,670,16,324,213,92,16,23,21,151,6,75,144,4,81,2,2334,0.23,97.03,97.09,99.92,101.53,15.7,27.3,58,628.3,747.6,17.1,383.2,287.1,116.7,22.9,30.4,26.5,188.6,6.7,88.4,176.9,4.8,95,2.5,2924,0.29
1,14,GAL-NB-165-44,2023-08-05,50.44,3.126,13.34,13.91,0.236,3.56,8.33,2.57,0.98,0.608,97.11,2.51,51.94,3.22,13.74,14.33,0.24,3.67,8.58,2.64,1.01,0.63,15,19,37,448,571,34,320,207,46,15.5,22,19,150,7,23,59,4,34,1,2031,0.2,97.31,97.36,99.88,101.42,19,27.1,56.9,658.5,637.5,37.4,378.2,279.8,58.6,22.1,29.6,24.2,186.3,7.7,26.6,72.1,4.9,39.2,1.6,2567,0.26
1,32,GAL-NB-165-45,2023-08-05,53.51,2.74,13.34,12.46,0.201,2.6,6.35,3.18,2.41,0.966,97.76,1.56,54.74,2.8,13.65,12.74,0.21,2.66,6.49,3.26,2.46,0.99,7,0,26,184,3611,45,301,499,50,22.9,24,12,130,11,41,94,7,50,2,5117,0.51,98.27,98.36,99.92,101.3,8.5,0,40.3,270.2,4032.2,49.7,356.4,674.2,63.1,32.7,32,14.8,161.7,11.6,48.3,115.8,7.6,58.8,1.9,5980,0.6
1,37,GAL-NB-165-46,2023-08-05,57.78,0.871,12.19,4.88,0.09,2.07,8.64,1.97,1.89,0.204,90.6,9.22,63.78,0.96,13.46,5.39,0.1,2.29,9.54,2.17,2.09,0.22,23,49,13,101,646,68,334,293,29,14.4,15,24,69,14,38,71,10,33,1,1844,0.18,90.78,90.82,100.04,100.59,29.7,71.2,19.9,148.6,721.6,74.4,395,395.7,36.7,20.5,20.1,29.5,86.2,14.7,44.3,86.8,10.9,37.9,1.6,2245,0.22
1,35,GAL-NB-165-47,2023-08-06,54.01,2.742,13.34,12.65,0.203,2.68,6.36,3,2.57,0.957,98.52,1.1,54.82,2.78,13.54,12.84,0.21,2.72,6.46,3.05,2.61,0.97,8,0,27,185,3414,46,282,495,49,22.2,23,12,129,11,44,94,7,49,2,4897,0.49,99.01,99.09,100.19,101.59,9.8,0,41.2,272.4,3811.3,50.6,333.9,668.6,61.7,31.8,30.6,14.9,160.5,11.6,51.3,115.1,7.4,57,2.2,5732,0.57
1,145,GAL-NB-165-48,2023-08-06,54.52,2.591,13.63,11.51,0.194,2.24,6.22,3.15,2.8,1.076,97.93,1.57,55.67,2.65,13.91,11.76,0.2,2.29,6.35,3.21,2.86,1.1,6,0,25,145,3815,50,316,500,51,24,24,10,130,12,50,103,7,50,2,5321,0.53,98.47,98.55,100.13,101.41,7.8,0,38.7,213,4259.6,54.1,373.7,675,64.7,34.3,32,13.1,161.5,13.5,59,127.2,7.9,58.8,2.5,6196,0.62
1,152,GAL-NB-165-49,2023-08-06,54.3,2.553,13.44,11.82,0.135,2.1,5.71,3.35,2.77,1.059,97.23,2.2,55.85,2.63,13.82,12.16,0.14,2.15,5.87,3.45,2.84,1.09,7,0,25,148,3596,55,274,495,50,22.8,23,13,130,13,46,98,6,48,2,5052,0.51,97.73,97.82,100.02,101.33,9.2,0,38.2,217.9,4015.1,60.1,324.5,669.2,63.9,32.6,30.7,16.6,161.5,14.2,53.7,119.9,7,55.7,2,5892,0.59
1,144,GAL-NB-165-50,2023-08-06,62.29,1.051,12.18,5.63,0.097,2.27,5.88,2.14,1.98,0.239,93.76,5.89,66.43,1.12,12.99,6.01,0.1,2.42,6.27,2.29,2.11,0.26,23,49,15,126,646,72,326,348,32,15.7,15,21,75,14,39,78,9,33,4,1941,0.19,93.96,94,99.89,100.52,29.5,72,22.9,185.4,721.4,79.2,385,470.7,40.3,22.5,20.8,26.5,92.9,14.7,45.4,96,10.4,38.7,4.2,2378,0.24
1,167,GAL-NB-165-51,2023-08-06,43.52,1.936,15.82,12.63,0.342,1.89,3.43,1.48,0.8,0.474,82.32,17.62,52.87,2.35,19.21,15.34,0.42,2.29,4.17,1.8,0.98,0.58,17,29,28,255,600,47,202,187,23,12.8,25,32,180,11,16,51,5,20,1,1741,0.17,82.5,82.54,100.16,101.56,21.1,42.1,43.3,375.1,669.4,51.2,238.6,252.6,28.7,18.3,33.6,40.4,223.9,11.9,18.7,62.6,5.6,23.8,1.5,2163,0.22
1,170,GAL-NB-165-52,2023-08-06,50.27,2.092,14.97,13.03,0.193,4.68,8.21,2.37,0.57,0.314,96.69,3.13,51.99,2.16,15.48,13.48,0.2,4.84,8.49,2.46,0.59,0.32,16,24,40,356,513,14,307,169,34,12,22,31,131,6,22,34,4,24,0,1759,0.18,96.87,96.92,100.05,101.5,20.5,35.8,61,523.1,572.6,15.3,363.4,227.8,43,17.1,29.1,38.9,162.7,6.6,26.1,42.2,4.8,28.2,0,2218,0.22
1,169,GAL-NB-165-53,2023-08-06,52.21,2.016,14.44,12.23,0.19,4.61,8.8,2.78,0.86,0.307,98.44,1.35,53.04,2.05,14.66,12.43,0.19,4.68,8.94,2.82,0.87,0.31,13,24,38,348,498,20,340,167,43,12.7,21,29,128,6,20,42,3,29,2,1785,0.18,98.62,98.67,100.02,101.38,17,35.3,58,512.2,555.9,21.5,402.1,225.8,54.1,18.1,28.7,36.4,158.8,6.9,23.8,51.7,3.9,34.1,2.2,2246,0.22
1,166,GAL-NB-165-54,2023-08-23,48.58,2.228,15.93,13.69,0.189,4.02,6.63,2.14,0.55,0.33,94.29,5.35,51.53,2.36,16.9,14.51,0.2,4.26,7.03,2.27,0.58,0.35,16,25,42,340,675,14,258,176,27,11.3,25,32,141,6,16,29,4,20,1,1859,0.19,94.47,94.52,99.87,101.39,20.7,36.6,64.1,499.5,753.5,15.6,304.6,238.3,34.4,16.2,33.7,40,175.3,6.9,18.6,35.5,5,23.2,1.1,2323,0.23
1,74,GAL-NB-165-55,2023-08-06,54.67,2.69,12.92,13.19,0.239,2.79,6.76,3.21,1.73,0.796,98.99,0.71,55.23,2.72,13.06,13.32,0.24,2.82,6.83,3.24,1.75,0.8,6,0,32,156,915,43,331,240,54,17.8,22,13,161,9,32,68,6,40,2,2150,0.21,99.21,99.25,99.96,101.42,7.2,0,49.8,230.1,1022.1,47.5,391.5,324.2,69,25.5,29.6,16.1,200.1,10.1,37.5,83.2,6.7,46.9,2.3,2600,0.26
1,78,GAL-NB-165-56,2023-08-23,50.74,1.914,15.81,12.24,0.113,3.65,7.68,2.67,0.39,0.387,95.6,4.19,53.08,2,16.54,12.81,0.12,3.81,8.04,2.79,0.41,0.41,13,45,39,262,502,17,336,187,70,13.3,23,38,102,8,37,55,4,42,2,1794,0.18,95.78,95.82,100.01,101.37,16.5,65.1,59.6,385.5,560.5,18.5,397.7,252.6,89.2,19.1,31.3,46.9,126.5,8.6,43.3,67.2,4.5,48.6,2.3,2243,0.22
1,79,GAL-NB-165-57,2023-08-06,48.46,1.252,16.94,13.26,0.198,1.92,1.82,0.22,0.3,0.146,84.52,15.19,57.33,1.48,20.05,15.69,0.23,2.28,2.16,0.26,0.35,0.17,15,16,24,157,359,32,98,270,45,15.2,28,56,99,13,24,82,6,26,2,1366,0.14,84.65,84.69,99.88,101.35,19.7,23.8,36.4,230.5,400.6,35,115.5,364.4,56.5,21.8,37.3,69.8,123.2,14,28.3,100.5,6.8,30.8,2.6,1718,0.17
1,81,GAL-NB-165-58,2023-08-06,52.42,1.743,14.64,11.82,0.211,4.75,8.51,2.65,0.79,0.299,97.84,2.07,53.58,1.78,14.97,12.08,0.22,4.86,8.7,2.7,0.81,0.31,17,42,36,302,488,29,316,170,35,11.5,21,25,119,6,18,43,4,27,2,1709,0.17,98.01,98.06,100.13,101.44,21.7,60.8,54.8,443.8,544.7,31.3,374.2,229.8,44.1,16.5,28.4,31.4,147.9,6.2,21.2,53.1,4.1,30.9,1.9,2147,0.21
1,84,GAL-NB-165-59,2023-08-06,46.48,1.788,24.42,12.83,0.126,1.19,2.14,0.57,0.46,0.213,90.21,9.32,51.53,1.98,27.06,14.22,0.14,1.32,2.38,0.63,0.51,0.24,9,16,26,124,624,43,156,398,48,24.1,37,20,276,19,29,74,8,34,2,1969,0.2,90.41,90.46,99.78,101.2,11.9,24,39.6,182.3,696.9,47,185,538,60.8,34.5,49.9,24.6,343.6,20.7,34.6,90.4,9.5,40.1,2.5,2436,0.24
1,85,GAL-NB-165-60,2023-08-06,47.32,1.518,23.13,8.84,0.033,1,1.76,0.23,0.48,0.24,84.55,15.26,55.97,1.79,27.35,10.45,0.04,1.18,2.08,0.27,0.57,0.28,10,15,20,117,594,39,121,406,45,24.4,32,36,147,21,24,64,9,29,3,1757,0.18,84.73,84.77,100.03,101.01,12.9,21.4,31,172.2,663.2,42.3,143,548.4,57.1,35,43.6,44.9,183.3,22.6,27.6,78.7,10.3,34.3,3.7,2176,0.22
1,86,GAL-NB-165-61,2023-08-06,47.29,1.6,23.64,8.93,0.038,1.05,2.01,0.26,0.49,0.28,85.59,14.22,55.26,1.87,27.62,10.43,0.04,1.23,2.34,0.3,0.58,0.33,11,20,22,141,673,40,148,424,42,25,32,33,154,21,20,58,9,23,2,1898,0.19,85.78,85.82,100.04,101.03,13.8,29.8,33.8,206.9,751,43.5,174.9,572.7,53.3,35.8,43.4,41.9,191.9,22.8,23.3,70.9,10.7,26.6,2.3,2349,0.23
1,89,GAL-NB-165-62,2023-08-06,55.06,1.712,14.34,10.19,0.193,4.71,8.57,2.76,1.46,0.312,99.31,0.65,55.44,1.72,14.44,10.26,0.19,4.74,8.63,2.78,1.47,0.31,14,40,35,294,607,36,312,168,36,11.1,20,28,117,6,17,42,4,25,0,1815,0.18,99.49,99.54,100.19,101.32,18.3,59.2,53.6,432.7,678,39.2,369.1,227.3,45.3,15.8,27.5,35.2,146,6.2,20.5,51.7,4.6,29.4,0.4,2260,0.23
1,18,GAL-NB-165-63,2023-08-06,50.84,3.578,13.03,14.49,0.204,4.01,8.81,2.56,1.03,0.562,99.11,0.76,51.29,3.61,13.15,14.62,0.21,4.05,8.88,2.59,1.04,0.57,20,13,33,417,547,27,245,270,53,24.9,22,24,158,7,32,70,5,38,3,2008,0.2,99.31,99.37,100.12,101.73,25.4,19,50.1,614.1,610.5,29.3,290.2,364.8,66.7,35.6,30.2,30,196.1,7.9,37.8,85.7,6,43.9,2.9,2546,0.25
1,30,GAL-NB-165-64,2023-08-06,48.1,3.331,13.15,14.47,0.222,5.82,10.21,2.43,0.68,0.782,99.19,0.27,48.49,3.36,13.26,14.59,0.22,5.87,10.29,2.45,0.69,0.79,41,181,41,363,589,10,248,274,57,26.1,21,44,151,7,35,80,2,45,1,2215,0.22,99.41,99.47,99.74,101.35,52.6,265,62.3,533.4,657.2,11,293.2,369.4,72.1,37.3,28.9,55.4,187.9,7.3,41,98.8,2.8,52.2,0.6,2828,0.28
1,21,GAL-NB-165-65,2023-08-06,61.24,2.504,16.19,9.06,0.09,1.98,1.83,0.62,0.7,0.048,94.26,5.41,64.97,2.66,17.18,9.62,0.1,2.1,1.94,0.65,0.74,0.05,22,37,16,162,276,63,126,363,18,31.2,24,28,100,16,18,42,13,18,2,1376,0.14,94.4,94.44,99.85,100.85,28.6,53.4,25.3,238.5,308.3,68.6,149.3,489.9,23.2,44.6,31.9,35.4,124.5,17.2,21.1,51.3,15,20.7,2.6,1749,0.17
1,22,GAL-NB-165-66,2023-08-07,60.16,2.403,13.69,8.3,0.087,2.2,1.96,0.58,0.76,0.027,90.18,9.42,66.71,2.66,15.18,9.2,0.1,2.44,2.17,0.65,0.84,0.03,19,35,15,167,389,53,128,330,16,29.8,17,25,81,13,15,31,12,14,2,1390,0.14,90.32,90.36,99.78,100.7,24.7,50.7,22.6,244.9,434.5,57.6,152,445.1,19.7,42.6,23.5,30.8,100.3,13.7,18,38.3,13.3,16.4,2,1751,0.18
1,25,GAL-NB-165-67,2023-08-07,51.5,1.769,14.72,10.12,0.17,5.68,10.34,2.11,0.23,0.226,96.88,2.69,53.16,1.83,15.2,10.45,0.18,5.87,10.68,2.18,0.23,0.23,39,104,35,293,311,8,237,140,80,12.2,19,16,74,6,90,101,3,77,1,1648,0.16,97.04,97.09,99.78,100.9,49.4,152.1,53.5,431,347.6,8.5,280.7,189.2,102.1,17.5,25.2,20.4,91.9,6.8,105.3,124.2,3.6,90.4,1.4,2101,0.21
1,26,GAL-NB-165-68,2023-08-07,63.68,3.99,11.21,7.91,0.098,1.71,2.07,1.21,1.2,0.025,93.1,6.71,68.4,4.29,12.04,8.5,0.11,1.84,2.23,1.3,1.29,0.03,15,21,12,200,430,51,144,494,18,40.3,16,21,71,23,27,69,15,22,2,1689,0.17,93.27,93.32,100.02,100.9,19,30.7,17.8,294.2,479.7,55.7,170,667.2,22.6,57.7,21.4,26.1,88.2,24.6,31.2,84.5,17.1,25.6,2.1,2135,0.21
1,28,GAL-NB-165-69,2023-08-07,51.47,1.703,14.92,10.23,0.166,6.28,11.01,2.31,0.42,0.267,98.78,1.18,52.11,1.72,15.1,10.36,0.17,6.35,11.15,2.34,0.43,0.27,45,100,36,283,243,12,242,139,31,11.7,19,48,98,4,18,37,3,20,3,1393,0.14,98.92,98.96,100.15,101.28,57.2,146.3,55,415.9,271.3,12.9,285.8,187.5,39.8,16.7,25.3,59.5,121.6,4.8,21.6,46,3.9,23.9,2.9,1798,0.18
1,29,GAL-NB-165-70,2023-08-07,51.45,1.711,14.92,10.09,0.161,6.32,10.96,2.29,0.43,0.263,98.61,1.33,52.18,1.74,15.13,10.23,0.16,6.41,11.12,2.33,0.44,0.27,50,107,36,282,244,12,243,138,31,12.1,18,44,91,2,17,34,2,22,1,1387,0.14,98.75,98.79,100.12,101.24,63.1,155.9,55.6,415,272.8,13.6,287.2,187,39.1,17.3,24.1,55.4,113.7,2.5,19.6,41.3,2.8,25.4,0.9,1792,0.18
1,61,GAL-NB-165-71,2023-08-07,46.7,3.992,12.2,14.82,0.227,3.5,9.85,2.36,0.82,1.996,96.46,3.16,48.41,4.14,12.64,15.37,0.24,3.63,10.21,2.45,0.85,2.07,21,32,40,251,971,27,272,532,116,53.9,26,20,220,12,77,169,5,100,1,2946,0.29,96.75,96.82,99.99,101.63,26.5,46.7,61.9,369.4,1083.8,29.4,321.9,719.1,147.5,77.2,35.3,24.6,273.5,12.6,90.8,207.7,5.4,116.8,1.3,3651,0.37
1,65,GAL-NB-165-72,2023-08-07,50.51,7.622,11.16,16.16,0.246,2.24,3.32,0.83,0.6,0.448,93.15,6.54,54.22,8.18,11.99,17.35,0.26,2.41,3.57,0.9,0.65,0.48,28,107,33,426,633,27,167,436,51,45.2,17,23,139,10,33,103,4,44,2,2327,0.23,93.38,93.45,99.99,101.78,35.1,156,50.4,626.9,707.2,29,197.4,588.6,65.1,64.6,23.1,28.2,172.5,11.1,38.4,126.1,4.8,51.3,2.2,2978,0.3
1,66,GAL-NB-165-73,2023-08-07,48.21,3.747,13.34,13.93,0.225,4.52,9.78,2.33,0.72,0.948,97.75,1.69,49.32,3.83,13.65,14.25,0.23,4.62,10.01,2.38,0.74,0.97,32,113,41,393,860,18,272,317,69,31.9,23,28,154,8,45,104,4,57,1,2572,0.26,98.01,98.08,99.76,101.31,40.6,165.6,62.9,578,960.3,19.6,321.6,428,88.1,45.6,31.6,35.6,192.3,8.9,52.5,127.3,4.4,66.7,0.8,3230,0.32
1,67,GAL-NB-165-74,2023-08-07,48.68,3.633,13.22,13.87,0.193,4.25,9.81,2.3,0.67,0.862,97.49,2.29,49.93,3.73,13.56,14.23,0.2,4.36,10.06,2.36,0.69,0.88,26,117,40,378,806,22,269,312,65,30.5,22,35,157,8,45,99,3,57,2,2494,0.25,97.74,97.8,100.09,101.63,33.6,170.8,61.5,556.3,899.9,23.8,318.1,420.8,83.1,43.6,30.2,44.1,195,8.3,53.3,121.3,3.9,66.7,1.8,3136,0.31
1,68,GAL-NB-165-75,2023-08-07,64.96,1.641,9.3,8.47,0.105,2.78,4.14,0.9,0.9,0.332,93.52,6.32,69.46,1.75,9.95,9.05,0.11,2.97,4.43,0.96,0.96,0.36,20,55,21,192,527,38,149,253,49,20.6,14,42,91,8,41,79,6,44,3,1653,0.17,93.69,93.73,100.05,100.99,26.1,80.3,32.6,282.5,588.9,41.6,176.6,341.4,62,29.5,18.4,52.3,113.1,9,47.9,97.4,7,51.5,3,2061,0.21
1,70,GAL-NB-165-76,2023-08-07,47.87,3.426,13.47,13.51,0.219,4.6,10.76,2.33,0.51,0.811,97.5,2.17,49.1,3.51,13.81,13.86,0.22,4.71,11.03,2.39,0.53,0.83,29,188,42,374,480,14,263,276,59,26.7,22,39,150,6,35,79,3,47,1,2135,0.21,97.72,97.78,99.95,101.45,36.8,275.2,64.2,550.2,536.5,15.2,311.3,373.2,74.9,38.2,29.3,49.1,187.2,6.5,40.8,97.1,3,55.2,0.9,2745,0.27
1,154,GAL-NB-165-77,2023-08-07,56.29,2.06,13.77,11.53,0.17,3.32,6.65,3.31,1.74,0.349,99.18,0.77,56.75,2.08,13.88,11.63,0.17,3.35,6.7,3.34,1.75,0.35,11,7,31,353,713,51,309,195,38,13.4,22,24,126,8,27,54,5,28,1,2018,0.2,99.39,99.43,100.2,101.48,14.6,10.7,48.1,518.9,795.8,55.6,365.2,263.9,48.3,19.2,29,30.6,157.3,9.1,31.4,66.2,5.6,33.2,0.9,2504,0.25
1,158,GAL-NB-165-78,2023-08-07,52.88,1.928,14.87,11.22,0.129,3.36,7.91,2.74,0.64,0.445,96.12,3.66,55.01,2.01,15.47,11.67,0.13,3.5,8.23,2.85,0.67,0.46,19,43,41,298,513,13,333,166,58,12.7,20,57,121,5,24,42,4,30,1,1802,0.18,96.3,96.35,100.01,101.26,24.2,63.1,62.7,438.5,573.2,13.8,394,224.4,74.1,18.2,27.4,71.7,150.1,5.6,28,52.1,4,35,1.1,2261,0.23
1,159,GAL-NB-165-79,2023-08-07,49.73,2.159,16.22,13.23,0.155,2.62,6.97,2.79,0.28,0.323,94.46,5.11,52.64,2.29,17.17,14,0.16,2.77,7.38,2.95,0.3,0.34,22,53,44,297,490,4,342,181,32,13.7,24,56,118,8,18,38,3,25,1,1770,0.18,94.64,94.69,99.79,101.26,27.8,77.8,67.6,436.7,547.2,4.4,404.4,244.3,40.8,19.6,31.7,70.3,147.3,8.6,20.7,47.1,3.8,29.3,1.2,2231,0.22
1,161,GAL-NB-165-80,2023-08-07,50.54,1.969,15.27,12.45,0.172,4.13,9.1,2.77,0.35,0.329,97.08,2.79,52.06,2.03,15.73,12.82,0.18,4.26,9.38,2.85,0.36,0.34,21,46,42,338,369,9,351,167,43,11.9,22,60,120,5,20,42,3,27,2,1698,0.17,97.25,97.29,100.08,101.46,26.9,67.2,63.9,497.4,411.6,9.5,414.8,226,55.1,17.1,29.1,74.8,149.5,5.9,23.4,51.1,3.5,31.5,1.8,2160,0.22
1,163,GAL-NB-165-81,2023-08-07,52.23,1.818,14.05,11.94,0.188,4.79,8.93,2.68,0.9,0.306,97.84,1.82,53.39,1.86,14.36,12.2,0.19,4.9,9.12,2.74,0.92,0.31,20,41,39,351,447,24,330,154,37,12.1,21,65,115,5,14,40,3,26,2,1745,0.17,98.01,98.06,99.87,101.2,26,59.9,59.2,516.1,499.3,26.3,390.5,207.9,46.4,17.3,28.1,81.1,143.5,5,16.2,49.6,3.5,30.2,1.8,2208,0.22
1,112,GAL-NB-165-82,2023-08-07,49.91,3.663,13.3,13.91,0.192,3.97,8.61,2.49,0.85,0.574,97.45,2.08,51.21,3.76,13.64,14.27,0.2,4.07,8.83,2.55,0.87,0.59,20,11,34,416,565,15,255,274,55,25.9,23,27,170,7,37,72,5,41,2,2055,0.21,97.66,97.71,99.8,101.34,25.5,16.2,51.6,612.2,630.8,16.9,301.4,370,69.6,37.1,31.1,33.6,211.3,7.6,43,88.1,6.1,48.1,2.2,2602,0.26
1,114,GAL-NB-165-83,2023-08-08,52.8,3.184,17.9,10.13,0.143,2.09,1.47,0.39,0.1,0.057,88.26,11.62,59.83,3.61,20.28,11.48,0.16,2.36,1.66,0.44,0.11,0.06,29,52,20,187,252,6,94,413,21,34.4,23,106,72,18,27,72,13,22,3,1465,0.15,88.41,88.45,100.07,101.19,37.1,76.7,31.2,275,280.8,7.1,111.5,557.3,26.5,49.1,30.9,132.1,89.5,19.5,31.6,88.9,14.9,26.1,2.9,1889,0.19
1,115,GAL-NB-165-84,2023-08-08,53.31,4.844,15,10.29,0.095,2.2,1.24,0.31,0.18,0.041,87.51,12.49,60.92,5.54,17.14,11.76,0.11,2.51,1.42,0.36,0.2,0.05,27,50,19,248,200,10,78,517,18,46.9,22,62,89,14,17,56,17,22,3,1518,0.15,87.66,87.71,100.2,101.34,33.9,73.7,29.7,365.3,223.5,10.7,92.2,698.6,22.6,67,30.2,78,111.2,15.3,20,69.4,19.2,25.3,3.2,1989,0.2
1,116,GAL-NB-165-85,2023-08-08,48.98,3.537,13.34,9.72,0.109,2.49,7.51,0.31,0.14,0.051,86.18,13.66,56.83,4.1,15.48,11.27,0.13,2.89,8.71,0.36,0.16,0.06,28,57,22,230,180,7,97,345,24,29.4,18,43,103,9,19,36,9,19,2,1278,0.13,86.31,86.35,100.01,101.09,36.1,83.8,33.3,338,201.1,7.6,114.6,466.4,30.5,42.1,24.6,53.7,128.6,9.8,22.3,44.6,10.1,22.3,1.8,1671,0.17
1,117,GAL-NB-165-86,2023-08-08,49.29,1.948,16.2,11.46,0.127,5.13,7.61,1.55,0.35,0.255,93.91,5.98,52.48,2.07,17.25,12.2,0.14,5.46,8.1,1.65,0.37,0.27,54,125,40,274,472,11,181,157,56,13.6,19,26,85,6,102,138,2,112,1,1876,0.19,94.1,94.15,100.13,101.4,68.3,183,61.8,402.4,527.1,12.5,213.5,212.3,70.5,19.4,25.9,32.3,106.4,6.5,119.6,169.8,2.8,131.2,0.8,2366,0.24
1,119,GAL-NB-165-87,2023-08-08,49.05,1.749,15.34,11,0.139,5.82,9.58,1.87,0.2,0.274,95.02,4.94,51.62,1.84,16.14,11.58,0.15,6.12,10.08,1.97,0.21,0.29,49,114,37,273,290,7,221,140,49,12.4,19,38,87,4,60,88,2,63,0,1556,0.16,95.18,95.22,100.16,101.38,62.8,167.2,57.4,401.1,324.1,8.2,261.8,189.7,61.7,17.7,25.7,47.9,108.5,3.9,70.8,108.2,2.7,73,0.1,1992,0.2
1,120,GAL-NB-165-88,2023-08-08,49.95,1.756,14.9,11.16,0.165,5.8,10.94,2.2,0.25,0.313,97.44,2.27,51.26,1.8,15.29,11.46,0.17,5.95,11.23,2.26,0.26,0.32,46,106,37,283,225,6,243,142,31,12.6,20,54,99,4,19,36,3,23,1,1391,0.14,97.58,97.62,99.89,101.13,58.1,154.5,57.5,416.9,251.6,6.9,286.8,192.3,39.5,18,26.6,67.3,123.4,3.9,21.9,44.7,3.1,27.4,0.7,1801,0.18
1,55,GAL-NB-165-89,2023-08-08,47.76,3.557,13.67,13.42,0.225,4.52,10.57,2.35,0.44,0.906,97.41,2.15,49.03,3.65,14.04,13.78,0.23,4.64,10.85,2.41,0.45,0.93,27,187,42,385,541,11,273,275,69,27.3,22,31,140,7,39,85,2,55,0,2218,0.22,97.64,97.7,99.85,101.34,34.1,273.8,64.7,566.1,603.7,12.1,322.3,372.1,87.3,39,29.2,38.5,174.8,7.2,45.5,105,2.3,64.2,0.4,2842,0.28
1,56,GAL-NB-165-90,2023-08-08,42.46,1.052,8.79,12.49,0.874,3.94,10.46,0.19,0.53,0.172,80.95,19.01,52.45,1.3,10.85,15.43,1.08,4.86,12.92,0.24,0.65,0.21,41,63,22,170,612,31,111,181,40,12.7,15,52,99,6,25,40,3,31,4,1559,0.16,81.11,81.15,100.16,101.54,51.8,92.3,33.5,249.8,683.2,33.9,131.5,243.9,50.4,18.2,20.7,65.6,123.2,6.6,29.2,49.4,3,36.7,4.4,1927,0.19
1,57,GAL-NB-165-91,2023-08-08,46.94,3.612,14.41,13.57,0.154,3.83,9.05,2.35,0.39,0.868,95.18,4.37,49.32,3.79,15.14,14.26,0.16,4.03,9.51,2.47,0.41,0.91,31,204,42,346,519,13,292,273,59,27.3,24,26,142,6,37,83,2,51,2,2178,0.22,95.4,95.46,99.83,101.34,39.8,298.5,65,509.1,579,13.7,345,369.2,74.7,39.1,31.7,32.2,176.2,6.3,43.6,101.9,2.1,59.7,2.4,2789,0.28
1,46,GAL-NB-165-92,2023-08-08,46.62,3.998,12.18,14.79,0.228,3.46,9.89,2.36,0.81,1.997,96.33,3.31,48.39,4.15,12.64,15.35,0.24,3.59,10.27,2.45,0.84,2.07,18,29,41,249,970,26,271,530,115,52.8,26,22,218,11,77,173,4,101,0,2934,0.29,96.62,96.7,100.01,101.65,22.9,42.7,62.4,366.5,1082.9,28.8,320,716.1,145.7,75.5,34.5,27.1,271.8,11.8,90.1,213.1,4.5,117.7,0.5,3635,0.36
1,52,GAL-NB-165-93,2023-08-10,51.82,9.157,10.4,16.64,0.269,1.63,2.9,0.77,0.42,0.381,94.39,5.29,54.9,9.7,11.02,17.63,0.29,1.73,3.07,0.82,0.44,0.4,26,107,31,489,594,20,166,509,48,51.5,16,26,154,10,31,95,4,43,3,2423,0.24,94.63,94.7,99.99,101.84,32.9,156.1,47,718.9,663.5,21.7,196.6,687.6,60.8,73.7,22,32.5,191.4,11.3,36.2,117,4.3,49.6,3.8,3127,0.31
1,53,GAL-NB-165-94,2023-08-10,49.56,3.284,13.26,13.15,0.219,4.27,9.92,2.09,0.47,0.787,97.02,2.73,51.09,3.39,13.67,13.56,0.23,4.4,10.22,2.16,0.49,0.81,29,178,42,360,616,14,257,280,76,26,22,38,135,6,44,86,3,55,2,2268,0.23,97.24,97.31,100.03,101.49,37.5,259.5,63.7,529.4,687.9,15.6,304.3,377.6,96.2,37.2,29.1,47.3,168.4,6.9,51.1,105.6,3.5,64.3,2.5,2888,0.29
1,54,GAL-NB-165-95,2023-08-10,50.53,1.989,12.02,15.54,0.194,3.62,4.49,0.88,0.69,0.131,90.08,9.86,56.09,2.21,13.34,17.25,0.22,4.02,4.98,0.98,0.77,0.15,38,102,28,206,550,32,197,233,42,18.9,17,56,113,7,38,81,4,53,2,1816,0.18,90.26,90.31,100.17,101.9,47.8,148.4,43,302.7,613.5,35.4,232.5,314.1,53.6,27.1,22.2,70.2,140.7,8,44.5,99.1,4.7,62.1,2.4,2272,0.23
1,59,GAL-NB-165-96,2023-08-10,47.02,3.421,14.03,13.39,0.164,4.31,9.57,2.31,0.41,0.728,95.35,4.34,49.32,3.59,14.71,14.04,0.17,4.52,10.04,2.42,0.43,0.76,32,194,42,346,466,14,277,258,62,25.3,22,34,142,8,34,77,2,48,0,2084,0.21,95.56,95.61,99.96,101.44,40.7,283,64,509.3,520.2,15.4,327.9,348.5,79,36.2,30.1,42.9,176.8,8.3,39.5,95.2,2.4,56.3,0.5,2676,0.27
2,183,GAL-NB-165-2 ,2023-08-03,45.26,1.931,20.28,13.05,0.222,1.83,1.7,0.51,0.1,0.202,85.08,14.52,53.19,2.27,23.83,15.34,0.26,2.15,2,0.6,0.11,0.24,8,20,35,132,239,6,133,341,48,20.7,30,25,198,21,38,90,6,39,3,1434,0.14,85.23,85.27,99.78,101.23,10.7,29.7,54,193.5,267.1,6.4,156.8,460.3,61.2,29.6,40.6,31.5,246.1,22.3,44.7,111,7.2,45.6,3.5,1822,0.18
3,183,GAL-NB-165-2,2023-08-23,45.54,1.945,20.37,12.84,0.225,1.85,1.7,0.51,0.09,0.206,85.28,14.52,53.4,2.28,23.89,15.06,0.26,2.17,2,0.59,0.11,0.24,10,22,35,132,242,6,132,338,48,19.9,29,27,199,21,41,90,7,40,1,1440,0.14,85.42,85.46,99.98,101.4,13.2,32,54.2,193.6,270.3,6.7,156.7,456.9,60.9,28.5,39.2,33.9,247.3,22.2,48,110.5,7.4,47,1.5,1830,0.18
2,133,GAL-NB-165-25 ,2023-08-04,80.5,0.265,3.82,2.35,0.032,1.04,1.26,0.08,0.21,0.015,89.56,10.31,89.89,0.3,4.26,2.62,0.04,1.16,1.41,0.08,0.23,0.02,5,12,5,52,213,20,43,55,14,3.3,6,8,29,1,10,11,3,10,2,502,0.05,89.61,89.62,99.92,100.19,6.7,17.4,6.9,76.9,238.4,22.1,51.1,73.8,18.2,4.7,7.6,9.4,35.5,0.9,11.6,13.7,3.4,11.5,2.3,612,0.06
3,133,GAL-NB-165-25,2023-08-08,80.63,0.26,3.82,2.33,0.032,1.03,1.25,0.09,0.21,0.022,89.67,10.31,89.91,0.29,4.26,2.6,0.04,1.15,1.4,0.1,0.23,0.02,6,12,4,51,214,20,42,54,14,3.1,5,7,28,2,10,11,2,11,1,499,0.05,89.72,89.74,100.04,100.3,7.9,16.9,6.8,74.6,239.3,21.9,50.1,72.8,18.3,4.4,7.1,8.9,35.5,1.7,11.6,13.2,2.7,12.9,1,608,0.06
2,145,GAL-NB-165-48 ,2023-08-06,54.52,2.591,13.63,11.51,0.194,2.24,6.22,3.15,2.8,1.076,97.93,1.57,55.67,2.65,13.91,11.76,0.2,2.29,6.35,3.21,2.86,1.1,6,0,25,145,3815,50,316,500,51,24,24,10,130,12,50,103,7,50,2,5321,0.53,98.47,98.55,100.13,101.41,7.8,0,38.7,213,4259.6,54.1,373.7,675,64.7,34.3,32,13.1,161.5,13.5,59,127.2,7.9,58.8,2.5,6196,0.62
3,145,GAL-NB-165-48,2023-08-08,54.25,2.58,13.53,11.56,0.192,2.25,6.21,3.15,2.79,1.068,97.58,1.57,55.6,2.64,13.87,11.84,0.2,2.3,6.36,3.23,2.86,1.09,3,0,26,145,3784,49,316,498,50,23,24,11,133,12,49,101,7,52,2,5285,0.53,98.11,98.2,99.77,101.06,4.3,0,39.2,212.7,4225,53.6,373.3,673.3,63.9,32.9,32.1,13.9,165.3,12.8,57.9,123.9,7.8,60.8,2.1,6155,0.62
2,61,GAL-NB-165-71 ,2023-08-07,46.7,3.992,12.2,14.82,0.227,3.5,9.85,2.36,0.82,1.996,96.46,3.16,48.41,4.14,12.64,15.37,0.24,3.63,10.21,2.45,0.85,2.07,21,32,40,251,971,27,272,532,116,53.9,26,20,220,12,77,169,5,100,1,2946,0.29,96.75,96.82,99.99,101.63,26.5,46.7,61.9,369.4,1083.8,29.4,321.9,719.1,147.5,77.2,35.3,24.6,273.5,12.6,90.8,207.7,5.4,116.8,1.3,3651,0.37
3,61,GAL-NB-165-71,2023-08-08,46.78,3.893,12.13,14.14,0.243,3.33,10.67,2.44,1.02,1.947,96.59,3.16,48.43,4.03,12.55,14.64,0.25,3.45,11.05,2.52,1.06,2.02,24,30,41,243,1730,24,284,529,112,53.2,27,24,236,12,73,168,3,98,1,3712,0.37,96.97,97.05,100.21,101.78,29.9,43.9,62.3,357.2,1931.1,26.2,336.1,714.7,142.4,76.1,36.4,30.3,293.9,13.2,86.1,206.1,3.8,114.1,1.3,4505,0.45
